{"features": 
	{"sensor_2": 0.412651, 
	"sensor_3": 0.221932, 
	"sensor_4": 0.281229, 
	"sensor_7": 0.73591, 
	"sensor_12": 0.660981, 
	"cycle": 31.0, 
	"setting_1": 0.465517, 
	"setting_2": 0.833333, 
	"setting_3": 0.0
}, "current_cycle": 31.0}